{
    "version": "0.2.0",
    "configurations": [
        {
            "name": "dual_axis_servo_drive_fcl_qep_f28002x",
            "type": "ccs-debug",
            "request": "launch",
            "projectInfo": {
                "name": "dual_axis_servo_drive_fcl_qep_f28002x",
                "resourceId": "/dual_axis_servo_drive_fcl_qep_f28002x"
            },
            "connections": [
                {
                    "name": "Texas Instruments XDS110 USB Debug Probe_0",
                    "cores": [
                        {
                            "name": "C28xx_CPU1",
                            "debuggerSettings": {
                                "data": "<?xml version=\"1.0\" encoding=\"UTF-8\" standalone=\"no\" ?>\n<PropertyValues/>\n"
                            }
                        }
                    ]
                }
            ]
        }
    ]
}